<?xml version="1.0" encoding="UTF-8"?>
<component xmlns="http://www.opensource-socialnetwork.org/v/3.0">
    <name>LoginSelector for GoBlue Theme</name>
    <id>LoginSelectorGoBlue</id>
    <author>TheDoggyBrad / Rafail Stratiotis / Core Team</author>
    <description>LoginSelector for GoBlue Theme</description>
    <license>GNU General Public License, version 2</license>
    <author_url>https://github.com/thedoggybrad</author_url>
    <license_url>http://www.opensource-socialnetwork.org/licence</license_url>
    <version>1.2</version>
	<requires>
		<type>ossn_version</type>
		<version>5.0</version>
	</requires>
</component>